{
  "minecraft:recipes/decorations/crafting_table": {
    "criteria": {
      "unlock_right_away": "2023-06-11 02:05:24 +0200"
    },
    "done": true
  },
  "minecraft:recipes/transportation/mangrove_boat": {
    "criteria": {
      "in_water": "2023-06-11 02:07:12 +0200"
    },
    "done": true
  },
  "minecraft:recipes/transportation/acacia_boat": {
    "criteria": {
      "in_water": "2023-06-11 02:07:12 +0200"
    },
    "done": true
  },
  "minecraft:recipes/transportation/cherry_boat": {
    "criteria": {
      "in_water": "2023-06-11 02:07:12 +0200"
    },
    "done": true
  },
  "minecraft:adventure/adventuring_time": {
    "criteria": {
      "minecraft:snowy_slopes": "2023-06-11 02:07:51 +0200",
      "minecraft:cherry_grove": "2023-06-11 02:07:33 +0200",
      "minecraft:sunflower_plains": "2023-06-11 02:07:09 +0200",
      "minecraft:grove": "2023-06-11 02:07:59 +0200",
      "minecraft:forest": "2023-06-11 02:05:39 +0200",
      "minecraft:frozen_peaks": "2023-06-11 02:07:39 +0200",
      "minecraft:plains": "2023-06-11 02:07:54 +0200"
    },
    "done": false
  },
  "minecraft:recipes/transportation/bamboo_raft": {
    "criteria": {
      "in_water": "2023-06-11 02:07:12 +0200"
    },
    "done": true
  },
  "minecraft:recipes/transportation/spruce_boat": {
    "criteria": {
      "in_water": "2023-06-11 02:07:12 +0200"
    },
    "done": true
  },
  "minecraft:recipes/transportation/birch_boat": {
    "criteria": {
      "in_water": "2023-06-11 02:07:12 +0200"
    },
    "done": true
  },
  "minecraft:recipes/transportation/oak_boat": {
    "criteria": {
      "in_water": "2023-06-11 02:07:12 +0200"
    },
    "done": true
  },
  "minecraft:recipes/transportation/jungle_boat": {
    "criteria": {
      "in_water": "2023-06-11 02:07:12 +0200"
    },
    "done": true
  },
  "minecraft:recipes/transportation/dark_oak_boat": {
    "criteria": {
      "in_water": "2023-06-11 02:07:12 +0200"
    },
    "done": true
  },
  "DataVersion": 3463
}