{
    "criteria": {
        "requirement": {
            "trigger": "minecraft:placed_block",
            "conditions": {
                "location": [
                    {
                        "condition": "minecraft:match_tool",
                        "predicate": {
                            "nbt": "{pkCustomBlockPlacer:1b,pkRack:1b}"
                        }
                    }
                ]
            }
        }
    },
    "rewards": {
        "function": "pk_racks:blocks/rack/actions/player_placed_rack_placer/trigger"
    }
}
