{
    "criteria": {
        "requirement": {
            "trigger": "minecraft:player_interacted_with_entity",
            "conditions": {
                "entity": [
                    {
                        "condition": "minecraft:entity_properties",
                        "entity": "this",
                        "predicate": {
                            "type": "minecraft:interaction",
                            "nbt": "{Tags:[\"pk.racks.rack.interaction\"]}"
                        }
                    }
                ]
            }
        }
    },
    "rewards": {
        "function": "pk_racks:blocks/rack/actions/player_right_clicked_rack_interaction/trigger"
    }
}
